﻿Designator,Footprint,Quantity,Value,LCSC Part #
C1,0603,1,10uF,C19702
"C10, C11, C12, C13, C14, C15, C16, C17, C3, C4, C7, C8, C9",0402,13,100nF,C1525
C2,0603,1,22uF,C59461
"C5, C6",0402,2,1uF,C52923
"D1, D2",0603,2,LED,C2286
FFC1,FPC-SMD_P0.50-16P_FGS-XJ-H2.0,1,AFC01-S16FCA-00,C262665
"R1, R2",0402,2,470,C25117
"R3, R6, R7",0402,3,10k,C25744
"R4, R5",0402,2,33,C25105
U1,QFN-56-1EP_7x7mm_P0.4mm_EP3.2x3.2mm,1,RP2040,C2040
U2,DGG48,1,74AVC16T245DGGRE,C148481
U3,SOT-223-3_TabPin2,1,AMS1117-3.3,C6186
U4,SOIC-8_5.23x5.23mm_P1.27mm,1,W25Q128JVS,C97521
